DialogueId,Index,SpeakerName,Text,PortraitId,BackgroundId,StopSkip
beginning,0,リアム,生活費を稼ぐので精一杯だった自分の生活にもようやく日の目を見る時がやってきたようだった。,001,0,FALSE
beginning,1,リアム,契約書の内容はこれまで働いてきた場所とはまるで毛色が違う内容だったが、どうだって良かった。,001,0,FALSE
beginning,2,リアム,このまま人生の目的を果たせずに死んでいくのかと思った所に、,001,0,FALSE
beginning,3,リアム,この『カーターのスクラップショップ』でのバイトの機会を得たのだから。,001,0,FALSE
beginning,4,リアム,人生の転機が目の前にある状態で、,001,0,FALSE
beginning,5,リアム,人はどんなリスクが潜んでいようと飛び込んでいける生き物らしい。,001,0,FALSE
beginning,6,リアム,目の前の明らかにだらしなさそうな店主すら、今の自分にはどうでも良かったくらいだ。,001,0,FALSE
beginning,7,リアム,この店の名前はどうも好きになれないが……,001,0,FALSE
beginning,8,店主,......,002,0,FALSE
beginning,9,店主,来たか。,002,0,FALSE
beginning,10,店主,「ソフィア聖教会」育ちって時点でろくでもないやつなのはわかってた。,002,0,TRUE
beginning,11,店主,時給しか見ていないバカか、何も考えてないイカれたバカかと思ってたが......,002,0,FALSE
beginning,12,店主,服のセンスがないバカだったな。,002,0,FALSE
beginning,13,リアム,え？,001,0,FALSE
beginning,14,店主,まぁいい。時間を無駄にしたくないからさっさと説明を済ませるぞ。,002,0,FALSE
beginning,15,店主,客の依頼をこなす、それだけだ。,002,0,FALSE
beginning,16,店主,細かい事は奥のコンピューターのマニュアルに全部書いてある。,002,0,TRUE
beginning,17,店主,何かやらかしたんならそこの受話器使って電話しろ。,002,0,TRUE
beginning,18,店主,もっとも、ケツ拭きの9割はお前がすることになるし、,002,0,FALSE
beginning,19,店主,その時にはお前の人生にデカい十字架が乗っかるだろうがな。,002,0,FALSE
beginning,20,店主,入院費か、賠償金のどっちの請求書が来るかは勝手に想像して震え上がっとけ。,002,0,FALSE
beginning,21,店主,そういうわけで、俺はこれから少ししたら出かけるから、お前一人でやってもらうことになる。,002,0,FALSE
beginning,22,店主,何か言い残した事でもあるなら今の内に俺に言っておけ、せめてものの情けだ。,002,0,FALSE
beginning,23,リアム,いきなりすごい勢いで罵倒されたが、どうやら初日からワンオペ勤務らしい。,004,0,FALSE
beginning,24,リアム,（マニュアルに全部書いてあると言っていたが、そんなんで本当にやっていけるのか？）,001,0,FALSE
beginning,25,システム,画面にあるものを左クリックすることで、調べることができます。,004,0,TRUE
beginning,26,システム,バックヤードにあるコンピューターでは、キーワードを使用してマニュアルを見ることができます。,004,0,TRUE
beginning,27,システム,「耐熱」アタッチメント、「パワー容量」アタッチメント付きのジョイントが必要です。,004,0,TRUE
customer_lp0,0,店主,準備が終わったんでもう出るぞ。,002,0,FALSE
customer_lp0,1,店主,じゃあな。夜まで戻らん。,002,0,FALSE
customer_lp0,2,リアム,店主は行き先も言わずに出ていってしまった。,004,0,FALSE
customer_lp0,3,リアム,さて、どうしようか。,001,0,FALSE
customer_lp0,4,リアム,しばらくして、客が一人来た。,004,0,FALSE
customer_lp0,5,ビアンカ,……雇われですか？ここには彼の手腕を求めて来ていたのですが...困りましたね。,003,0,FALSE
customer_lp0,6,ビアンカ,これでは二時間後のミーティングにも支障がでてしまうのですが……,003,0,FALSE
customer_lp0,7,リアム,（「アンドロイド」だ。）,001,0,TRUE
customer_lp0,8,リアム,（見た目はそこらの人間と変わりない。しかし、一目瞭然でわかる。）,001,0,FALSE
customer_lp0,9,リアム,（整った身なり。抑揚の付いた声。高度人材型というやつだろうか。）,001,0,FALSE
customer_lp0,10,リアム,雇われで悪かったな。おまけに新人だよ。,001,0,FALSE
customer_lp0,11,リアム,正直言って参ってるんだ、マニュアルに書いてあるような簡単なことならできるよ。,001,0,FALSE
customer_lp0,12,ビアンカ,......ふむ？やり方は全て説明書通りにやれば問題はないだろうと？,003,0,FALSE
customer_lp0,13,リアム,（そんなことは言ってないが、まあいいだろう。）,001,0,FALSE
customer_lp0,14,ビアンカ,......仕方ないですね。,003,0,FALSE
customer_lp0,15,ビアンカ,新人に自分の体を任せるのは不安ではありますが、,003,0,FALSE
customer_lp0,16,ビアンカ,限られた時間とお金の中でできることを受け入れるしかないのでしょう。,003,0,FALSE
customer_lp0,17,ビアンカ,アームの軋みが喫緊の解決事項です。速やかに修理して頂けると助かります。,003,0,FALSE
customer_lp0,18,ビアンカ,「耐熱」アタッチメント、「パワー容量」アタッチメント付きの「ジョイント」が必要です。,003,0,FALSE
customer_lp0,19,リアム,（サーヴァント型のアンドロイドは直したことがあるが、高度人材型は可能なのだろうか。）,001,0,FALSE
customer_lp0,20,リアム,（アンドロイドにはいくつか種類がある。）,001,0,FALSE
customer_lp0,21,リアム,（サーヴァント型は最も多く、単純な作業を素早くこなすことを目的としている。）,001,0,FALSE
customer_lp0,22,リアム,（製造方法も他の機械類と同様に大量生産される。）,001,0,FALSE
customer_lp0,23,リアム,（高度人材型は、知的労働や対人コミニュケーションを目的としていて、）,001,0,FALSE
customer_lp0,24,リアム,（高度な感情モデルを備えている。）,001,0,FALSE
customer_lp0,25,リアム,（感情モデルは「ソフィア聖教会」というキリスト教が母体の企業が独占的に製造していて、）,001,0,TRUE
customer_lp0,26,リアム,（毎年限られた数しか作られないが、これには秘密がある。）,001,0,FALSE
customer_lp0,27,リアム,（モデルは、人の脳を利用して作られているのだ。）,001,0,FALSE
customer_lp0,28,リアム,（ソフィア聖教会で育ったから知り得た真実だ。）,001,0,FALSE
customer_lp0,29,リアム,（ソフィア聖教会は慈善事業として、）,001,0,FALSE
customer_lp0,30,リアム,（貧しい子どもたちに無償で教育を受けることができる学校を提供している。）,001,0,FALSE
customer_lp0,31,リアム,（僕は親に捨てられ、そこに拾われた。）,001,0,FALSE
customer_lp0,32,リアム,（しかし、奇妙なことに気づいた。）,001,0,FALSE
customer_lp0,33,リアム,（子どもが毎年数人いなくなる。）,001,0,FALSE
customer_lp0,34,リアム,（最初は偶然かと思っていた。しかし、ある日友達が連れて行かれるのを目撃してしまったのだ。）,001,0,FALSE
customer_lp0,35,リアム,（ソフィア聖教会は、慈善事業と称して感情モデル用の脳を養殖している。）,001,0,FALSE
customer_lp0,36,リアム,（その事実に気づいた夜、僕は必死で教会を抜け出した。）,001,0,FALSE
customer_lp0,37,リアム,（そしてなんやかんやあって今に至るというわけだ。）,001,0,FALSE
customer_lp0,38,リアム,（目の前のアンドロイドにもその脳が使われていると考えると、寒気がするが、）,001,0,FALSE
customer_lp0,39,リアム,（アンドロイドに罪はない。）,001,0,FALSE
customer_lp0,40,リアム,依頼を受けることにした。,004,0,FALSE
loop0,0,リアム,......？何が起こったのだろう？,001,0,FALSE
loop0,1,リアム,あの強い光のせいで気を失ったのだろうか？だが、現に自分は地に足を付けて立ったままだ。,001,0,FALSE
loop0,2,リアム,それに.......,001,0,FALSE
loop0,3,リアム,先ほどまでネオンの光でかろうじて照らされていた黒い空は夕焼けで赤く染まっている。,001,0,FALSE
loop0,4,リアム,時計の針は......自分が店に入った時刻とほぼ一致している。,001,0,FALSE
loop0,5,リアム,何より、出かけているはずの店主がまさにそこにいた。,001,0,FALSE
loop0,6,リアム,まるで、今さっき出かける準備を始めたばかりかのように。,001,0,FALSE
loop0,7,店主,何だ、言う事があるなら早く伝えろ。時間を無駄にしたくないってさっき言ったばかりのはずだがよ？,002,0,FALSE
loop0,8,リアム,信じられない。,001,0,FALSE
loop0,9,リアム,正直全くもって信じられないが、時間が巻き戻っている。,001,0,FALSE
loop0,10,リアム,こんな何の脈絡もない展開は子供の頃に読んだ小説にそっくりだ。,001,0,FALSE
loop0,11,リアム,その作品は執筆されてからもう150年以上は経過しているはずだが、,001,0,FALSE
loop0,12,リアム,この時代になってもそれに現実感と言うものはさらさらない。,001,0,FALSE
loop0,13,リアム,間違いない。今自分は、時を遡ったのだ。,001,0,FALSE
loop0,14,リアム,原因があるとすれば、やはりあの光だろう。,001,0,FALSE
loop0,15,リアム,後ろの鍵のかかった扉から出ていたが、その正体を確かめなければならない。,001,0,FALSE
telephone_click,0,リアム,（なんて古い電話なんだ）,004,0,FALSE
telephone_click,1,リアム,電話番号がわかれば使えそうだ。,004,0,FALSE
telephone_click_banned,0,リアム,古い電話だ。,004,0,FALSE
telephone_click_banned,1,リアム,目を閉じて、店主の言っていたことを思い出す……,004,0,FALSE
telephone_click_banned,2,店主,何かやらかしたんならそこの受話器使って電話しろ。,002,0,FALSE
telephone_click_banned,3,リアム,（……今は使うときではないな。）,001,0,FALSE
blender_click,0,リアム,「ファブリケーター」という機械らしい。,004,0,TRUE
blender_click,1,リアム,（マニュアルに使い方が書いてあるか？）,001,0,FALSE
blender_reset,0,ファブリケーター,リセットシマシタ。,004,0,FALSE
control_click,0,リアム,ドアだ。ロックがかかっていて開かない。,004,0,FALSE
control_click,1,リアム,パスワードが必要なようだ。,004,0,FALSE
control_click,2,ビアンカ,その部屋がどうかしました？,003,0,FALSE
control_click,3,ビアンカ,私の記憶が正しければ、その部屋は「制御室」などという名前がついていて、,003,0,TRUE
control_click,4,ビアンカ,この建物のライフラインが構築されている場所なはずですが……,003,0,TRUE
control_click,5,ビアンカ,言われてみれば妙な機械音が聞こえますね。,003,0,FALSE
study_click,0,リアム,ドアだ。ロックがかかっていて開かない。,004,0,FALSE
study_click,1,リアム,パスワードが必要なようだ。,001,0,FALSE
manual_carnum,0,リアム,（「ロケーター」の対象指定に使えそうだ。）,004,0,FALSE
manual_disposer,0,リアム,（これで店主を問い詰めてみるか……）,004,0,FALSE
manual_phonenumber,0,リアム,（これを使って店主と連絡できるはずだ……）,004,0,FALSE
manual_core,0,リアム,（アンドロイドならどの型に何が必要なのか知ってたりするのだろうか……）,004,0,FALSE
blender_fail1,0,店主,店の資材を無駄遣いするな。,002,0,FALSE
blender_fail1,1,リアム,どうやら間違った組み合わせで作ってしまったようだ。,004,0,FALSE
blender_fail2,0,ビアンカ,……それは私の注文とは違うようですが……,003,0,FALSE
blender_fail2,1,リアム,どうやら間違った組み合わせで作ってしまったようだ。,004,0,FALSE
control_click_banned,0,店主,触るな。,002,0,FALSE
control_click_banned,1,店主,お前はそこに用がないはずだ。,002,0,FALSE
study_click_banned,0,店主,触るな。,002,0,FALSE
study_click_banned,1,店主,お前はそこに用がないはずだ。,002,0,FALSE
loop2,0,リアム,結局自分には何もできないまま、時間は巻き戻ってしまった。,001,0,FALSE
loop2,1,リアム,制御室は全く見慣れない機械ばかりで、何をどうすればいいかもわからない。,001,0,FALSE
loop2,2,リアム,あれをどうにかするには、当然この店の主に聞くしかないだろう。,001,0,FALSE
loop2,3,リアム,店主はよほど面倒ごとを押し付けられたくないのか、,001,0,FALSE
loop2,4,リアム,何かあったら電話しろと言った割には番号を一切伝えなかった。,001,0,FALSE
loop2,5,リアム,彼の電話番号は...…,001,0,FALSE
loop2,6,リアム,今探せる範囲にはなさそうだった。,001,0,FALSE
loop2,7,リアム,あるとしたら、ロックがかかっている制御室とは別のもう一つの扉。,001,0,FALSE
loop2,8,リアム,どうにかしてあの場所に入る手立てが必要そうだ。,001,0,FALSE
telephone_call,0,リアム,542……,001,0,FALSE
telephone_call,1,リアム,（この古い電話は店主の趣味なのか？。なんて面倒な操作なんだ。）,001,0,FALSE
telephone_call,2,リアム,やっとのことで電話をかけた。,004,0,FALSE
telephone_call,3,リアム,何だ？お前どうやって俺に電話してッ...まぁいい、要件をさっさと言え。,002,0,FALSE
telephone_call,4,リアム,制御室の機械が故障しているようなので、直してもらいたいんですよ。できれば今すぐに。,001,0,FALSE
telephone_call,5,店主,......チッ、勝手に店の中を嗅ぎまわりやがって,002,0,FALSE
telephone_call,6,店主,分かったよ、制御室の機械をどうにかすればいいんだろ？,002,0,FALSE
telephone_call,7,店主,ったく、お前のせいで俺のスケジュールが台無しだ、クソッたれ。,002,0,FALSE
telephone_call,8,リアム,心の底から鬱陶しそうな声が返ってきた。,004,0,FALSE
telephone_call,9,リアム,（迷惑かかってるのはこっちだよ。）,001,0,FALSE
telephone_call,10,リアム,しばらくすると、ウィリアムが店へと戻ってきた。,004,0,FALSE
telephone_call,11,リアム,自分の用事を邪魔されたからか、かなり不機嫌そうだった。,004,0,FALSE
telephone_call,12,店主,俺は制御室をどうにかするから、お前は店番を続けてろ。間違っても余計な事はするなよ。,002,0,FALSE
telephone_call,13,リアム,無論、そんなことをする気は微塵もない。,001,0,FALSE
telephone_call,14,リアム,さっさとループが終わってくれればこちらとしても万々歳だ。これでようやく日常が戻る────,001,0,FALSE
telephone_call,15,リアム,そう思っていた。,004,0,FALSE
loop3,0,リアム,────は？,001,0,FALSE
loop3,1,リアム,何が起こった？,001,0,FALSE
loop3,2,リアム,確かに制御室に店主が入っていったのをこの目で見届けたはずなのに、,001,0,FALSE
loop3,3,リアム,店主は出かける前の状態に戻っている。,001,0,FALSE
loop3,4,リアム,間に合わなかったのか？,001,0,FALSE
loop3,5,リアム,いや、店主が来たのはループでの巻き戻りよりかなり早かった。そんなことはあり得ない。,001,0,FALSE
loop3,6,リアム,異常に早いループ......,001,0,FALSE
loop3,7,リアム,まさか、あの制御室の装置が勝手にループを起こしているのではなく、,001,0,FALSE
loop3,8,リアム,店主が意図的な操作をしているのだろうか？,001,0,FALSE
loop3,9,リアム,────そういえば、店主は行き先についてはやたらと話を濁していた。,001,0,FALSE
loop3,10,リアム,店主が何をしているのか知らなければならない。,001,0,FALSE
loop3,11,リアム,だが、あの避けようを見るに、馬鹿正直についていくのは不可能だ。,001,0,FALSE
loop3,12,リアム,何か遠隔で位置を把握できるものがあれば......,001,0,FALSE
study_enter,0,リアム,903487っと,001,0,FALSE
study_enter,1,リアム,（……！開いた！）,001,0,FALSE
study_enter,2,リアム,不審そうに見てくる客を端目に見ながら、店主の書斎に入っていく。,004,0,FALSE
study_enter,3,リアム,中は電気がつけっぱなしにされていた。,004,studystill.png,FALSE
study_enter,4,リアム,家具といったら長机一台といくつかの椅子しかなく、書斎より会議室と言った方が適切な部屋だった。,004,studystill.png,FALSE
study_enter,5,リアム,机の上には乱雑に様々な大きさの紙が置いてあった。,004,studystill.png,FALSE
study_enter,6,リアム,（これは……設計図か？）,001,studystill.png,FALSE
study_enter,7,リアム,紙のほとんどは設計図のようで、中にはあのファブリケーターの一部らしきものもあった。,004,studystill.png,FALSE
study_enter,8,リアム,ところどころ書いてあるメモ書きのような文章は、ほぼ理解できない。,004,studystill.png,FALSE
study_enter,9,リアム,字が汚いのもあるが、専門用語ばかりで内容がわからない。,004,studystill.png,FALSE
study_enter,10,リアム,数字はあるにはあるが、少なくとも電話番号ではないだろう。,004,studystill.png,FALSE
study_enter,11,リアム,唯一解読できた情報は、それぞれに書いてある名前だった,004,studystill.png,TRUE
study_enter,12,リアム,「ウィリアム・カーター」...初めて聞いた気がしないのは何故だろうか。,001,studystill.png,TRUE
study_enter,13,リアム,とりあえずマニュアルで調べてみるか,001,studystill.png,FALSE
customer_click,0,ビアンカ,アームの軋みが喫緊の解決事項です。速やかに修理して頂けると助かります。,003,0,FALSE
customer_click,1,ビアンカ,「耐熱」アタッチメント、「パワー容量」アタッチメント付きの「ジョイント」が必要です。,003,0,FALSE
customer_core,0,ビアンカ,その型...…そしてこの損傷記録……,003,0,FALSE
customer_core,1,ビアンカ,あの特殊用途型を直そうとしているのですか。,003,0,FALSE
customer_core,2,リアム,知っているんですか？,001,0,FALSE
customer_core,3,ビアンカ,店主に世話になってきたので、大体の事情は。,003,0,FALSE
customer_core,4,ビアンカ,本来であれば一般人に教えるべきことではないのですが……,003,0,FALSE
customer_core,5,ビアンカ,...…いえ、こうして知られてしまった以上、秘匿する理由もないですね。,003,0,FALSE
customer_core,6,ビアンカ,そのコアは、特殊用途型...ひいては異星開拓用のアンドロイドに用いられていたものです。,003,0,FALSE
customer_core,7,ビアンカ,かつて、まだこの地球に人類が閉じ込められ、,003,0,FALSE
customer_core,8,ビアンカ,異常気象による災害や食料不足に苦しんでいた時代がありました。,003,0,FALSE
customer_core,9,ビアンカ,その時代において、異星開拓プロジェクトは正に人類にとっての最後の希望だったのです。,003,0,FALSE
customer_core,10,ビアンカ,そして、開拓の中で人類は、新たな高エネルギー資源と生態系を持つ星を見つけたのです。,003,0,FALSE
customer_core,11,ビアンカ,ただ生態系が存在するだけならば良かったのですが…同時に見つけてしまった。,003,0,FALSE
customer_core,12,ビアンカ,木の棒に縄で矢じりを巻いただけの、粗雑に作られた狩猟道具を。,003,0,FALSE
customer_core,13,ビアンカ,異星には『人類』がすでにいたのです。,003,0,FALSE
customer_core,14,ビアンカ,彼らは考えました。いずれ自らを脅かす『人類』をどうすべきかを。,003,0,FALSE
customer_core,15,ビアンカ,その結果───彼らの存在を根本から消すことにしたのです。,003,0,FALSE
customer_core,16,ビアンカ,それが当時プロジェクトを実質的に仕切っていたソフィア聖教会の決定でした。,003,0,FALSE
customer_core,17,ビアンカ,その結果、彼らの持っていた自然界の知識だけが、唯一彼らの存在を証明するものとして残りました。,003,0,FALSE
customer_core,18,ビアンカ,そして、その知識を記憶として組み込んで作られたのが、特殊用途型のアンドロイドでした。,003,0,FALSE
customer_core,19,ビアンカ,しかし、教会はそれだけでは満足しなかった。,003,0,FALSE
customer_core,20,ビアンカ,異星開拓が落ち着いてきたころに、私たちの役目が終わったとみるや、,003,0,FALSE
customer_core,21,ビアンカ,彼らは異星開拓プロジェクトに関わっていた研究者を複数人拉致した。,003,0,FALSE
customer_core,22,ビアンカ,そして、異星開拓アンドロイドの中に彼らの意識そのものを組み込んだのです。,003,0,FALSE
customer_core,23,ビアンカ,それを嬉々として受け入れた者もいれば、最後まで抵抗した者もいた...,003,0,FALSE
customer_core,24,ビアンカ,後者は人格ではなく、知識のみをアンドロイドに移され、殺害されましたが。,003,0,FALSE
customer_core,25,ビアンカ,人格を移されたアンドロイドのうち、いくつかが脱走し、行方不明になったと言われています。,003,0,FALSE
customer_core,26,ビアンカ,私はそのうちの一体です。高度人材型として自らを偽り、今まで過ごしてきました。,003,0,FALSE
customer_core,27,ビアンカ,ここの店長も私の事情を汲み取って、今までここで修理を請け負ってくれていましたのです。,003,0,FALSE
customer_core,28,ビアンカ,本来であれば、基礎技術の文書以外の情報の漏洩は禁忌、実物が発見されるなどもってのほかです。,003,0,FALSE
customer_core,29,ビアンカ,あなたがセキュリティーコードをどうやって存じ上げているのかは分かりませんが,003,0,FALSE
customer_core,30,ビアンカ,それが分かるというのであれば、替えのパーツを生成できます。,003,0,FALSE
customer_core,31,ビアンカ,しかし、その前にどうか一つ約束してください。私達の存在を、他の誰にも一切明かさない事を。,003,0,FALSE
customer_core,32,リアム,...分かりました。必ず秘密にしておきます。,001,0,FALSE
customer_core,33,ビアンカ,ありがとうございます。,003,0,FALSE
customer_core,34,ビアンカ,それでは、コアを生成するのに必要な設定をお伝えしましょう。,003,0,FALSE
customer_core,35,ビアンカ,このアンドロイドのコアを作るには……,003,0,FALSE
customer_core,36,ビアンカ,リアクタンスアタッチメントと、セキュリティーコードが必要です。,003,0,FALSE
customer_core,37,ビアンカ,……これを教えたこと、後悔させないでくださいね。,003,0,FALSE
customer_core,38,リアム,約束は守ります。,001,0,FALSE
control_enter,0,リアム,648153っと,001,0,FALSE
control_enter,1,リアム,（……！開いた！）,001,0,FALSE
control_enter,2,リアム,機械の発する熱気を帯びた空気と油の匂い。,004,0,FALSE
control_enter,3,リアム,制御室はいくつもの機械が組み合わさり、鉄の城ができていた。,004,controlstill.png,FALSE
control_enter,4,リアム,（この場所...ここだけ店の雰囲気とかけ離れすぎてる...）,001,controlstill.png,FALSE
control_enter,5,リアム,如何にも怪しい機械はあるけれど、操作の仕方も、名前すらも皆目見当がつかない。,004,controlstill.png,FALSE
control_enter,6,リアム,名前がわからないと調べることもできないし、無理して触ると帰って悪化する可能性もある。,004,controlstill.png,FALSE
control_enter,7,リアム,このまま部屋に居続けても新しい情報は得られないだろう。,004,controlstill.png,FALSE
control_enter,8,リアム,部屋を出て策を考えることにした。,004,0,FALSE
control_enter,9,リアム,何かできることはないだろうか.,001,0,FALSE
blender_customer1_lp0,0,ファブリケーター,ピピッ！カンセイシマシタ。,004,0,FALSE
blender_customer1_lp0,1,ビアンカ,パーツが完成したようですね。,003,0,FALSE
blender_customer1_lp0,2,ビアンカ,確認します。,003,0,FALSE
blender_customer1_lp0,3,ビアンカ,……,003,0,FALSE
blender_customer1_lp0,4,ビアンカ,注文通りですね。ありがとうございます。,003,0,FALSE
blender_customer1_lp0,5,リアム,さて、今日の業務は終了か。,001,0,FALSE
blender_customer1_lp0,6,リアム,即日振り込みであるおかげで、生活と貯金も十分にできそうだ。,004,0,FALSE
blender_customer1_lp0,7,リアム,店主はまだ帰ってこない。一体どこに行って何をしているのだろう。,004,0,FALSE
blender_customer1_lp0,8,リアム,......ん？店の中が妙に青白く光っているような,001,0,FALSE
blender_customer1_lp0,9,リアム,カウンターの裏にある2つのドア。その一つから光が漏れ出ている。,004,BG_Backyard_light.png,FALSE
blender_customer1_lp0,10,リアム,眼球の奥が痛い。感じたことのないような明るさだ。,004,BG_Backyard_light.png,FALSE
blender_customer1_lp0,11,リアム,あの部屋で何が起きているんだ！？,001,BG_Backyard_light.png,FALSE
blender_customer1_lp0,12,リアム,さらに光が強まっていく。,004,BG_Backyard_light.png,FALSE
blender_customer1_lp0,13,リアム,壁、ドア、カウンター、あらゆるものの境界が消え、光に飲み込まれていく。,004,BG_Backyard_light.png,FALSE
blender_customer1_lp0,14,リアム,そして……,004,BG_Backyard_light.png,FALSE
blender_locator,0,ファブリケーター,ピピッ！カンセイシマシタ。,004,0,FALSE
blender_locator,1,リアム,店主の車の場所を指定したロケーターで出てきた。,004,0,FALSE
blender_locator,2,リアム,ようやく居場所をつかめそうだ。場所は...,001,0,TRUE
blender_locator,3,リアム,「アンドロイド廃棄所」？何でこんな場所にいるんだ？,001,0,TRUE
blender_locator,4,リアム,どうやら店主はバイト初日の人間にワンオペ勤務をさせてまで、,001,0,FALSE
blender_locator,5,リアム,いらなくなったアンドロイドが見たかったらしい。,001,0,FALSE
blender_locator,6,リアム,スクラップでも回収するのだろうか。,001,0,FALSE
blender_locator,7,リアム,ともかく、店主の尻尾を掴めそうなところまで来た。,001,0,FALSE
blender_locator,8,リアム,「アンドロイド廃棄所」について調べたうえで問い詰めてみよう。,001,0,TRUE
blender_core,0,ファブリケーター,ピピッ！カンセイシマシタ。,004,0,FALSE
blender_core,1,リアム,（あとはこれを……）,001,0,FALSE
blender_core,2,店主,ん？お前何勝手に使って……,002,0,FALSE
blender_core,3,リアム,店主！,001,0,FALSE
blender_core,4,リアム,これが、あなたが欲しがってた、アンドロイドのコアだ。,001,0,FALSE
blender_core,5,店主,……！,002,0,FALSE
blender_core,6,店主,お前、これ、,002,0,FALSE
blender_core,7,リアム,そうです。これのために僕は今日という日を何回も繰り返したんです。,001,0,FALSE
blender_core,8,店主,お前......やっぱりそうだったんだな。,001,0,FALSE
blender_core,9,リアム,何がですか？,001,0,FALSE
blender_core,10,店主,俺の妻は......いや、もういいだろう。,002,0,FALSE
blender_core,11,店主,お前の...母さんはな、お前に希望を託したんだ、リアム。,002,0,FALSE
blender_core,12,リアム,......アンタらが両親だってことは調べる内に分かってたよ。,001,0,FALSE
blender_core,13,リアム,でも、認められるわけないだろ。,001,0,FALSE
blender_core,14,リアム,一人で必死に生きてきて、実は親は生きてましたなんて。,001,0,FALSE
blender_core,15,店主,それは......お前を離れたところに逃がさざるを得なかったからだ。,002,0,FALSE
blender_core,16,店主,母さんは事故で行方不明になった。いや、『行方不明』にさせられた。,002,0,FALSE
blender_core,17,店主,あのクソッタレのソフィア聖教会が......母さんを感情モデルの材料にしやがったんだ。,002,0,FALSE
blender_core,18,リアム,…...は？それってどういう───待って、それってまさか、,001,0,FALSE
blender_core,19,店主,これ以上は俺も知らないさ。でも、あの時まだ幼かったお前に悟られたくなかったんだ、,002,0,FALSE
blender_core,20,店主,母さんが、変わり果てた姿になった事に。,002,0,FALSE
blender_core,21,店主,母さんは、その先手を打つとともに、時空間移動装置に細工を加えた。,002,0,FALSE
blender_core,22,店主,お前が、時間が巻き戻っても記憶を覚えていられるように、絶対不変のアーカイブ機能を付けたんだ。,002,0,FALSE
blender_core,23,店主,そして俺に言い残した。,002,0,FALSE
blender_core,24,店主,...…いつか真実を知る日が来て、お前がこの装置を手にしたら、,002,0,FALSE
blender_core,25,店主,教会に立ち向かえるように、何としても地球に逃げろ……,002,0,FALSE
blender_core,26,店主,ってな。,002,0,FALSE
blender_core,27,店主,だが、教会は様々な場所にいる。無論、地球にも大抵の都市にはあった。,004,0,FALSE
blender_core,28,店主,教会を警戒して規制する国もあったが、その国に行ったら行ったで俺は酷い目に遭うだろう。,002,0,FALSE
blender_core,29,店主,だから....生計を立てるために仕方なくお前を友人に預けた。,004,0,FALSE
blender_core,30,店主,それでも何とかうまくいくと思ってた...お前が、教会に売られたことを知るまではな。,004,0,FALSE
blender_core,31,店主,俺の書斎の中に、実は時空間移動装置を制御するマニュアルがある。,002,0,FALSE
blender_core,32,店主,全部を理解する必要なんてない。操作手順さえ把握すれば十分だ。,002,0,FALSE
blender_core,33,リアム,.........,001,0,FALSE
blender_core,34,リアム,父さん。いや、ウィリアム・カーター。,001,0,FALSE
blender_core,35,リアム,僕は、アンタ達のために戦ってなんかやらない。,001,0,TRUE
blender_core,36,店主,......,002,0,FALSE
blender_core,37,リアム,僕が育てられたのはあの教会だ。間違ってもアンタ達じゃなかった。,001,0,FALSE
blender_core,38,リアム,しかも、友人に預けたって？普通に自分の家に置いておけばよかっただろ！,001,0,FALSE
blender_core,39,店主,それは、母さんがいなくなったことを悟られたくなかったからだ！,002,0,FALSE
blender_core,40,店主,もし知られたら...俺はいずれお前を傷つけるう嘘を作る羽目になっただろうから。,002,0,FALSE
blender_core,41,リアム,それをやってどうなったと思う！？あの教会で、何を見させられたか分かるか！！？,001,0,FALSE
blender_core,42,リアム,昨日まで楽しく話してた友達がアンドロイドにされてて...売り物になって...,001,0,FALSE
blender_core,43,リアム,何にも知らない子供に買われて無造作に車に入れられるんだ。,001,0,FALSE
blender_core,44,リアム,これの何が上手くいってるって言うんだよ！！,001,0,FALSE
blender_core,45,リアム,それに復讐ならアンタがやれるようにすればよかっただろ。,001,0,FALSE
blender_core,46,リアム,何で責任をこっちに押し付けてくんだよ...！,001,0,FALSE
blender_core,47,リアム,まさか、勇気がなかったっていうのか？,001,0,FALSE
blender_core,48,店主,......,002,0,FALSE
blender_core,49,リアム,…...図星かよ、本当に卑怯な事ばかりしやがって。,001,0,FALSE
blender_core,50,リアム,そんな奴らの責任なんて、死んでも負ってたまるか....でも...,001,0,FALSE
blender_core,51,リアム,僕もあの教会には返す借りがある。知らなきゃならない真実がある。だから、言う通りにはするよ。,001,0,FALSE
blender_core,52,リアム,だけど、もうアンタ達を親として見ることは二度とない。店主とアルバイト、その関係だけで十分だ。,001,0,FALSE
blender_core,53,店主,...分かった、ならお前が正しいと思う道を行けばいい。,002,0,FALSE
blender_core,54,店主,必要なものは全部くれてやる、どうせ、自分には無用の長物だしな。,002,0,FALSE
blender_core,55,店主,どうか、達者でな。,002,0,FALSE
blender_core,56,リアム,......,001,0,FALSE
owner_disposer,0,リアム,「アンドロイド廃棄所」で何をするつもりなんですか？,001,0,FALSE
owner_disposer,1,店主,「アンドロイド廃棄所」？どこからそんな単語が出てきたんだ？,002,0,FALSE
owner_disposer,2,リアム,わかっているんですよ。あなたがアンドロイド廃棄所に行こうとしていることは。,001,0,FALSE
owner_disposer,3,店主,ああそうだ。俺は今からアンドロイド廃棄所に行く。だがそれの何が問題なんだ？,002,0,FALSE
owner_disposer,4,店主,俺とお前は店主とアルバイトだ。俺はお前に金を払う。お前は店番をやる。Win-Winだ。,002,0,FALSE
owner_disposer,5,店主,わかったら詮索するのはやめてさっさと定位置につけ。シャーロック・ホームズにでもなるつもりか。,002,0,FALSE
owner_disposer,6,リアム,この店に来てから、時間がループしています。あなたが起こしているんですよね？,001,0,FALSE
owner_disposer,7,店主,……まさか,002,0,FALSE
owner_disposer,8,店主,記憶があるのか？,002,0,FALSE
owner_disposer,9,リアム,どういうことですか？,001,0,FALSE
owner_disposer,10,店主,普通、ループの記憶なんてものを持つことはない。,002,0,FALSE
owner_disposer,11,店主,よく考えてみろ。お前が今まであった店の客はループになんか気づいていなかっただろ。,002,0,FALSE
owner_disposer,12,店主,まあ来ていればの話だが。,002,0,FALSE
owner_disposer,13,リアム,（たしかにそうだ。アンドロイドはそういうものなのだと勝手に思っていた。）,001,0,FALSE
owner_disposer,14,店主,俺も同じだ。今が何回目のループなのかわかっていない。,002,0,FALSE
owner_disposer,15,リアム,じゃあ、僕が変だってことですか？,002,0,FALSE
owner_disposer,16,店主,ああ。初めてみたときから変なヤツが来たと思っていたが……,002,0,FALSE
owner_disposer,17,,いや、待てよ。,002,0,FALSE
owner_disposer,18,リアム,どうかしました？,001,0,FALSE
owner_disposer,19,店主,......いや、いい。すまないことをした。,002,0,FALSE
owner_disposer,20,,そうだ。ループは俺が起こしている。,002,0,FALSE
owner_disposer,21,店主,俺がアンドロイド廃棄所に行っていたのは、とあるアンドロイドを直す為だ。,002,0,TRUE
owner_disposer,22,リアム,アンドロイドを......？,001,0,FALSE
owner_disposer,23,店主,ガタが来たのさ。「コア」部分がイカれて、二度と起動しなくなった。,002,0,TRUE
owner_disposer,24,店主,特殊用途型だったから、元の通りに復元することもできやしない。,002,0,TRUE
owner_disposer,25,店主,だから、自分がいずれ方法を見つけると信じて、あの装置を使ったのさ。,002,0,FALSE
owner_disposer,26,店主,記憶が消えると分かってても、何か違う行動をするかもしれないってな。,002,0,FALSE
owner_disposer,27,店主,でも、会って間もないお前が、ループの記憶を持ってるときた。,002,0,FALSE
owner_disposer,28,店主,だから、お前を信じてみたい。,002,0,FALSE
owner_disposer,29,店主,頼まれてくれないか？,002,0,FALSE
owner_disposer,30,リアム,……,001,0,FALSE
owner_disposer,31,リアム,それが上手く行ったらループは終わるってことですか？,001,0,FALSE
owner_disposer,32,リアム,ああ。そうだ。,002,0,FALSE
owner_disposer,33,リアム,（どうにも怪しい。店主の言っていることには嘘と真が入り混じっているように感じる。）,001,0,FALSE
owner_disposer,34,リアム,（ヤツはどうしてわざわざ僕がバイトとして入った日にループを起こしたんだ。）,001,0,FALSE
owner_disposer,35,リアム,（客が来るかもわかっていないのなら、店を閉めれば良かったのに。）,001,0,FALSE
owner_disposer,36,リアム,（だが、依頼を受けなければループが終わることはない。）,001,0,FALSE
owner_disposer,37,リアム,（ここは引き受けるしかないのだろうか）,001,0,FALSE
owner_disposer,38,リアム,内容を教えてください。,001,0,FALSE
owner_disposer,39,店主,俺の知る限り、アンドロイドのコアを直す方法が1つだけある。,002,0,FALSE
owner_disposer,40,店主,コアっていうのは外側から壊れていくんだ。,002,0,FALSE
owner_disposer,41,店主,起動しないコアでも、思考する部分は死んじゃいない。,002,0,FALSE
owner_disposer,42,店主,だから、画一化されたモデルであれば、新しいガワに中身を移し替えることができる。,002,0,FALSE
owner_disposer,43,店主,特殊用途型の問題点は、ガワが一つしかないってことだ。,002,0,FALSE
owner_disposer,44,店主,新しいコアを作るには、セキュリティーコードが必要になる。,002,0,FALSE
owner_disposer,45,店主,だが、セキュリティーコードはコアを破壊しないと出てこない。,002,0,FALSE
owner_disposer,46,店主,破壊までしたらさすがに中身を移し替えることはできない。,002,0,FALSE
owner_disposer,47,店主,つうことで、特殊用途型のコアは修理できない。普通はな。,002,0,FALSE
owner_disposer,48,店主,だが、お前はセキュリティーコードを覚えて過去に戻れる。それが分かれば十分だ。,002,0,FALSE
owner_disposer,49,店主,俺は今から廃棄所に向かう、そこに直したいアンドロイド、エリザベスがいる。,002,0,FALSE
owner_disposer,50,店主,俺はエリザベスのコアを破壊して、お前に電話でセキュリティーコードを伝える。,002,0,FALSE
owner_disposer,51,店主,セキュリティーコードと対応するアタッチメントさえ分かれば、修理するパーツを作れる。,002,0,FALSE
owner_disposer,52,店主,あとは、お前がループして過去の俺にそのコードを教えてくれればうまく行く。,002,0,FALSE
owner_disposer,53,店主,ループからも解放してやる。,002,0,FALSE
owner_disposer,54,リアム,……,001,0,FALSE
owner_disposer,55,リアム,わかりました。ここで電話を待ちます。,001,0,TRUE
owner_disposer,56,店主,うし、じゃあ俺は行ってくる。,002,0,FALSE
owner_disposer,57,店主,ちゃんと電話取るんだぞ。,002,0,FALSE
owner_disposer,58,リアム,（行ったか……）,001,0,FALSE
owner_disposer,59,リアム,（正直、あの店主の言うことは信用できない。）,001,0,FALSE
owner_disposer,60,リアム,（解放してやるだって？本当にそううまく行くのだろうか。）,001,0,FALSE
owner_disposer,61,リアム,（……念には念を入れるか。）,001,0,FALSE
owner_disposer,62,リアム,（必要な情報が手に入ったら自分の手で「コア」を作ることにしよう。）,001,0,TRUE
owner_disposer,63,電話,プルルル、プルルル,004,0,FALSE
owner_disposer,64,リアム,……店主だろう,002,0,FALSE
owner_disposer,65,店主,俺だ。ちゃんと取ったな。,002,0,FALSE
owner_disposer,66,店主,今、エリザベスの前にいる。これからやるからちゃんと聞けよ。,002,0,FALSE
owner_disposer,67,リアム,...本当に良いんですか？,001,0,FALSE
owner_disposer,68,店主,どうってことはないな。,002,0,FALSE
owner_disposer,69,店主,エリザベスともう一度会話ができるっていうんなら...…コアの一つくらい、壊せなくてどうする。,002,0,FALSE
owner_disposer,70,店主,それじゃあ、今からコアを破壊する。しっかりと覚えててくれよ。,002,0,FALSE
owner_disposer,71,リアム,店主がそこらにあった古臭い金槌でコアを思いっきり叩くと、,004,0,FALSE
owner_disposer,72,リアム,今まで不規則に発光していた光は完全に消え、一瞬だけ文字と数字が表示された。,004,0,FALSE
owner_disposer,73,コア,「Jaldabaoth013」,004,0,TRUE
owner_disposer,74,リアム,はい、しっかり覚えましたよ。,001,0,FALSE
owner_disposer,75,店主,...そうか。じゃあ、覚えているうちに装置を起動してくる...頼んだぞ。,002,0,FALSE
owner_disposer,76,リアム,勿論ですよ。僕もこれ以上振り回されるのは勘弁ですから。,001,0,FALSE
owner_disposer,77,リアム,そして、その数十秒後に制御室から放たれた光が体を包み込んだ。,004,0,FALSE
loop5,0,リアム,またこうして戻ってきた。だが、もうゴールはすぐそこにある。,001,0,FALSE
loop5,1,リアム,とりあえずマニュアルで調べてみよう。,001,0,FALSE
loop1,0,リアム,また時間が戻ってしまった……,004,0,FALSE
loop1,1,リアム,どうにかしてあの部屋に入る方法が見つかればいいんだけど...…,004,0,FALSE
owner_click,0,店主,ん？何か用か？,002,0,FALSE
owner_click,1,店主,そうじゃないなら話しかけてくるな。,002,0,FALSE
loop4,0,リアム,アンドロイド廃棄所。,001,0,FALSE
loop4,1,リアム,店主はそこで何をしているのだろうか。,001,0,FALSE
loop4,2,リアム,問い詰めなければならない。,001,0,FALSE
blender_customer1,0,ファブリケーター,ピピッ！カンセイシマシタ。,004,0,FALSE
blender_customer1,1,ビアンカ,パーツが完成したようですね。,003,0,FALSE
blender_customer1,2,ビアンカ,確認します。,003,0,FALSE
blender_customer1,3,ビアンカ,……,003,0,FALSE
blender_customer1,4,ビアンカ,注文通りですね。ありがとうございます。,003,0,FALSE
blender_customer1,5,リアム,......もうこんな時間か。,001,0,FALSE
blender_customer1,6,リアム,アンドロイドの客のパーツを修理していたら、思っていたより時間が過ぎてしまった。,001,0,FALSE
blender_customer1,7,リアム,そろそろ次のループが来る。,001,0,FALSE
blender_customer1,8,リアム,何か行動を起こすには客の対応ばかりではどうにもならなそうだ。,001,0,FALSE
customer,0,店主,準備が終わったんでもう出るぞ。,002,0,FALSE
customer,1,店主,じゃあな。夜まで戻らん。,002,0,FALSE
customer,2,リアム,店主はまた行き先も言わずに出ていってしまった。,001,0,FALSE
customer,3,リアム,さて、どうしようか。,001,0,FALSE
customer,4,リアム,しばらくして、客が一人来た。,001,0,FALSE
customer,5,ビアンカ,……雇われですか？ここには彼の手腕を求めて来ていたのですが...困りましたね。,003,0,FALSE
customer,6,ビアンカ,これでは二時間後のミーティングにも支障がでてしまうのですが……,003,0,FALSE
customer,7,リアム,（前回と同じ客だ。）,001,0,FALSE
customer,8,リアム,（ここら辺は変わらないのだろう。）,001,0,FALSE
customer,9,リアム,雇われで悪かったな。おまけに新人だよ。,001,0,FALSE
customer,10,リアム,正直言って参ってるんだ、マニュアルに書いてあるような簡単なことならできるよ。,001,0,FALSE
customer,11,ビアンカ,......ふむ？やり方は全て説明書通りにやれば問題はないだろうと？,003,0,FALSE
customer,12,リアム,（そんなことはやはり言ってないが、まあいいだろう。）,001,0,FALSE
customer,13,ビアンカ,......仕方ないですね。,003,0,FALSE
customer,14,ビアンカ,新人に自分の体を任せるのは不安ではありますが、,003,0,FALSE
customer,15,ビアンカ,限られた時間とお金の中でできることを受け入れるしかないのでしょう。,003,0,FALSE
customer,16,ビアンカ,アームの軋みが喫緊の解決事項です。速やかに修理して頂けると助かります。,003,0,FALSE
customer,17,ビアンカ,「耐熱」アタッチメント、「パワー容量」アタッチメント付きの「ジョイント」が必要です。,003,0,TRUE